...1,NMI_cluster/label,ARI_cluster/label,iLISI,cLISI,graph_conn,pcr,silhouette,silhouette_batch,input_h5ad,unintegrated_h5ad,species_key,batch_key,cluster_key,integration_method,task,avg_score,homology_method,type,avg_score_scaled
value,0.8364864544480424,0.8366367037731658,0.15785038396430595,0.9985557779358072,0.9883792266991313,0.9894605859041744,0.5729154348373413,0.8533931095920553,metadata_nf_many_higher_homology_conf_scVI_integrated.h5ad,metadata_nf_many_higher_homology_conf.h5ad,species,species,cell_ontology_mapped,scVI,hs_mf,0.7472708265399167,stronger homology,scVI stronger homology,0.7188368709444471
value,0.5314671440947054,0.5202601534957471,0.5372625606431376,0.9539684592964052,0.9456958619479152,0.9892234042851078,0.5652608871459961,0.8483463284423921,metadata_nf_one2one_only_scVI_integrated.h5ad,metadata_nf_one2one_only.h5ad,species,species,cell_ontology_mapped,scVI,hs_mf,0.8301320388296383,one2one only,scVI one2one only,1
value,0.7843277481029942,0.6573818343017183,0.04184703478368146,0.9971844331638212,0.9870543006092086,0.9851135936330648,0.5726004838943481,0.8579208509222955,metadata_nf_many_higher_expr_scVI_integrated.h5ad,metadata_nf_many_higher_expr.h5ad,species,species,cell_ontology_mapped,scVI,hs_mf,0.7179839449870626,higher expression,scVI higher expression,0.6194611675225792
value,0.6407075025788365,0.6230579451538458,0.14733602863729878,0.9916804082620488,0.9373081740655744,0.9801307941908052,0.557794850319624,0.7990564907923825,metadata_nf_many_higher_homology_conf_scVI_integrated.h5ad,metadata_nf_many_higher_homology_conf.h5ad,species,species,cell_ontology_mapped,scVI,hs_mf_mm,0.7159578719215152,stronger homology,scVI stronger homology,0.7393282550284831
value,0.7549423883107003,0.6889676905709644,0.1114774727594059,0.9981726277184146,0.9263442261340814,0.977511109375764,0.5606981962919235,0.8162675640865955,metadata_nf_one2one_only_scVI_integrated.h5ad,metadata_nf_one2one_only.h5ad,species,species,cell_ontology_mapped,scVI,hs_mf_mm,0.7079000930889617,one2one only,scVI one2one only,0.7106130273854624
value,0.33092331879660464,0.18726961993142635,0.4971803909811022,0.9444987958261964,0.8607534888692056,0.9769418123988954,0.5608408823609352,0.8215441454215068,metadata_nf_many_higher_expr_scVI_integrated.h5ad,metadata_nf_many_higher_expr.h5ad,species,species,cell_ontology_mapped,scVI,hs_mf_mm,0.7891049594176774,higher expression,scVI higher expression,1
value,0.5224265566059108,0.33902651930091343,0.15441252973053277,0.9742121016077632,0.8977569173484321,0.9769073702172794,0.5346037447452545,0.832164258528412,metadata_nf_many_higher_homology_conf_scVI_integrated.h5ad,metadata_nf_many_higher_homology_conf.h5ad,species,species,cell_ontology_mapped,scVI,hs_mf_mm_xl,0.7153102689561641,stronger homology,scVI stronger homology,0.8487234606346337
value,0.3801044603230281,0.18172415635307804,0.2874731012730129,0.9431259688899238,0.9204086352730362,0.9741849135512574,0.5323834680020809,0.8391717519842209,metadata_nf_many_higher_expr_scVI_integrated.h5ad,metadata_nf_many_higher_expr.h5ad,species,species,cell_ontology_mapped,scVI,hs_mf_mm_xl,0.7553096005203818,higher expression,scVI higher expression,1
value,0.2373461414342944,0.14603572775872803,0.3982488367871839,0.9002079605260672,0.8646408339758309,0.9714898607838433,0.5165820308029652,0.8617761503499299,metadata_nf_one2one_only_scVI_integrated.h5ad,metadata_nf_one2one_only.h5ad,species,species,cell_ontology_mapped,scVI,hs_mf_mm_xl_dr,0.7740389204741971,one2one only,scVI one2one only,1
value,0.7513805482501654,0.724247709821477,0.14715900188600073,0.9936997972218672,0.8961888242168803,0.971088439832352,0.5319177657365799,0.8491893099217744,metadata_nf_one2one_only_scVI_integrated.h5ad,metadata_nf_one2one_only.h5ad,species,species,cell_ontology_mapped,scVI,hs_mf_mm_xl,0.7159063939642518,one2one only,scVI one2one only,0.8509779915161779
value,0.555445105415421,0.414005423270539,0.27044475292919157,0.9625261539697983,0.8967901032233854,0.9696261390833624,0.5205326583236456,0.8537588403417856,metadata_nf_many_higher_homology_conf_scVI_integrated.h5ad,metadata_nf_many_higher_homology_conf.h5ad,species,species,cell_ontology_mapped,scVI,hs_mf_mm_xl_dr,0.7476549588944312,stronger homology,scVI stronger homology,0.8985161030082808
value,0.5824146210798156,0.45341188888256384,0.2160862818419216,0.961882737467544,0.8769932581114374,0.968970637104504,0.5202109068632126,0.8597302943133951,metadata_nf_many_higher_expr_scVI_integrated.h5ad,metadata_nf_many_higher_expr.h5ad,species,species,cell_ontology_mapped,scVI,hs_mf_mm_xl_dr,0.7304451178428145,higher expression,scVI higher expression,0.8323197612934128
value,0.36790702003468223,0.23059596987635275,0.42047023206179635,0.961123079901052,0.5723970489805698,0.9638832419892824,0.4533776459026526,0.8049598440695874,metadata_nf_one2one_only_LIGER_integrated.h5ad,metadata_nf_one2one_only.h5ad,species,species,cell_ontology_mapped,LIGER,hs_mf_mm_xl,0.690427591775309,one2one only,LIGER one2one only,0.7546177556924877
value,0.31965964154505117,0.24639351400096612,0.383762384929885,0.9511130912258317,0.5773494823868937,0.9632096653575908,0.441551970471832,0.8534566839893168,metadata_nf_one2one_only_LIGER_integrated.h5ad,metadata_nf_one2one_only.h5ad,species,species,cell_ontology_mapped,LIGER,hs_mf_mm_xl_dr,0.6944445541659217,one2one only,LIGER one2one only,0.6938463373997276
value,0.38060566750544694,0.27295705665805736,0.4225859546432587,0.96498701119649,0.5986982385735287,0.9613572005390386,0.4215167841174214,0.8294477939863819,metadata_nf_many_higher_homology_conf_LIGER_integrated.h5ad,metadata_nf_many_higher_homology_conf.h5ad,species,species,cell_ontology_mapped,LIGER,hs_mf_mm_xl,0.703022296935552,stronger homology,LIGER stronger homology,0.802250636954761
value,0.6030085970926501,0.3786405886858141,0.284086728034771,0.998938397702222,0.8481638121048738,0.9504506268846976,0.5493501954050954,0.8582524606111563,metadata_nf_many_higher_homology_conf_LIGER_integrated.h5ad,metadata_nf_many_higher_homology_conf.h5ad,species,species,cell_ontology_mapped,LIGER,hs_mf,0.7352384069088747,stronger homology,LIGER stronger homology,0.6780086877681686
value,0.5833187369593137,0.393986158853551,0.32643353464022207,0.9946905090485288,0.8730721881082342,0.949321387896298,0.532937900109493,0.7923751505286781,metadata_nf_many_higher_expr_LIGER_integrated.h5ad,metadata_nf_many_higher_expr.h5ad,species,species,cell_ontology_mapped,LIGER,hs_mf,0.7353005652933582,higher expression,LIGER higher expression,0.6782196024458024
value,0.4007518493010993,0.2525158937909619,0.384339154036429,0.9663373344906204,0.5330432578513837,0.947921990481004,0.4284735326161954,0.8079895340211557,metadata_nf_many_higher_expr_LIGER_integrated.h5ad,metadata_nf_many_higher_expr.h5ad,species,species,cell_ontology_mapped,LIGER,hs_mf_mm_xl,0.6683234840974932,higher expression,LIGER higher expression,0.6710205358266762
value,0.6058772049104392,0.30826197827649976,0.21979523754490216,0.9988862127533076,0.8860461926206524,0.9447014964302602,0.529559600200103,0.8809817782643128,metadata_nf_one2one_only_LIGER_integrated.h5ad,metadata_nf_one2one_only.h5ad,species,species,cell_ontology_mapped,LIGER,hs_mf,0.7328811762150318,one2one only,LIGER one2one only,0.6700101762876787
value,0.593915335615174,0.6266316353913215,0.38470253004093424,0.9943179119035942,0.5697590651244252,0.9362925477601204,0.4998088683938789,0.6921460887412052,metadata_nf_many_higher_expr_LIGER_integrated.h5ad,metadata_nf_many_higher_expr.h5ad,species,species,cell_ontology_mapped,LIGER,hs_mf_mm,0.6457250579166713,higher expression,LIGER higher expression,0.48904200567011785
value,0.35505902699785447,0.2281186198412591,0.3799844610862275,0.9448548358815044,0.6420568748652649,0.927862198065125,0.4378595894433554,0.8448124352704768,metadata_nf_many_higher_homology_conf_LIGER_integrated.h5ad,metadata_nf_many_higher_homology_conf.h5ad,species,species,cell_ontology_mapped,LIGER,hs_mf_mm_xl_dr,0.6986789923217736,stronger homology,LIGER stronger homology,0.7101337809789299
value,0.45019209049964615,0.2989047327045188,0.18913607202301524,0.9830639010931388,0.5482150081391455,0.927083693022679,0.4614022899931684,0.7497118507060403,rliger_uinmf_metadata_one2one_only_rligerUINMF_integrated.h5ad,rliger_uinmf_metadata_one2one_only.h5ad,species,species,cell_ontology_mapped,LIGER_UINMF,hs_mf_mm_xl_dr,0.60353665597272,one2one only,LIGER_UINMF one2one only,0.34417603682409864
value,0.5841403986059742,0.36135919229785257,0.1496041454231943,0.9973402351107986,0.657668123814683,0.925586870220254,0.46271656812051026,0.7385507353986536,rliger_uinmf_metadata_one2one_only_rligerUINMF_integrated.h5ad,rliger_uinmf_metadata_one2one_only.h5ad,species,species,cell_ontology_mapped,LIGER_UINMF,hs_mf_mm,0.6178524687141962,one2one only,LIGER_UINMF one2one only,0.38971342386343066
value,0.30861018976648213,0.2062680122951172,0.40548510901234613,0.9432710480746614,0.5044868603522457,0.9247036733145216,0.4418452036346438,0.8576883989098728,metadata_nf_many_higher_expr_LIGER_integrated.h5ad,metadata_nf_many_higher_expr.h5ad,species,species,cell_ontology_mapped,LIGER,hs_mf_mm_xl_dr,0.6730910103972465,higher expression,LIGER higher expression,0.6117115590542981
value,0.633741346913219,0.4409253679724137,0.16040650368185017,0.9983905715796746,0.65203560208586675,0.9243261440270952,0.4579362799292004,0.7390494196691602,rliger_uinmf_metadata_many_higher_expr_rligerUINMF_integrated.h5ad,rliger_uinmf_metadata_many_higher_expr.h5ad,species,species,cell_ontology_mapped,LIGER_UINMF,hs_mf_mm,0.6189544173659931,higher expression,LIGER_UINMF higher expression,0.3936404001486858
value,0.44115724776754006,0.3055748213046628,0.21043216691574845,0.9770160438033548,0.562798582799469,0.921133097044299,0.4328784628222001,0.7778709412744471,rliger_uinmf_metadata_many_higher_homology_conf_rligerUINMF_integrated.h5ad,rliger_uinmf_metadata_many_higher_homology_conf.h5ad,species,species,cell_ontology_mapped,LIGER_UINMF,hs_mf_mm_xl_dr,0.6180586970084909,stronger homology,LIGER_UINMF stronger homology,0.40003396066651103
value,0.5464509250283277,0.3928578872309349,0.12460729469842152,0.9941240725313768,0.6361410970665163,0.906861969778071,0.44450900309144104,0.7421560510435884,rliger_uinmf_metadata_many_higher_expr_rligerUINMF_integrated.h5ad,rliger_uinmf_metadata_many_higher_expr.h5ad,species,species,cell_ontology_mapped,LIGER_UINMF,hs_mf_mm_xl,0.6024416031466493,higher expression,LIGER_UINMF higher expression,0.42185679814961
value,0.8488718187085637,0.8464358040132832,0.1675403402933746,1,0.974486921428076,0.904739780403302,0.67713165283203125,0.8286441558869972,metadata_nf_many_higher_expr_seuratCCA_integrated.h5ad,metadata_nf_many_higher_expr.h5ad,species,species,cell_ontology_mapped,seuratCCA,hs_mf,0.7188527995029375,higher expression,seuratCCA higher expression,0.6224093485547763
value,0.8529725009493462,0.851547788473076,0.1439573962521259,1,0.9756391553399788,0.9034619417258868,0.6736675798892975,0.8268378264976579,metadata_nf_one2one_only_seuratCCA_integrated.h5ad,metadata_nf_one2one_only.h5ad,species,species,cell_ontology_mapped,seuratCCA,hs_mf,0.7124740799539124,one2one only,seuratCCA one2one only,0.6007651956608876
value,0.855900312017497,0.8458629796949625,0.15672875099995864,1,0.9755408280404106,0.9016167645792867,0.6788113415241241,0.8302003950311245,metadata_nf_many_higher_homology_conf_seuratCCA_integrated.h5ad,metadata_nf_many_higher_homology_conf.h5ad,species,species,cell_ontology_mapped,seuratCCA,hs_mf,0.7160216846626951,stronger homology,seuratCCA stronger homology,0.6128028621759029
value,0.5788576251968771,0.5235533041856454,0.3553206359899165,0.997700441757372,0.5244735125792401,0.9005727391921143,0.542750536563379,0.7297872263004997,metadata_nf_many_higher_homology_conf_LIGER_integrated.h5ad,metadata_nf_many_higher_homology_conf.h5ad,species,species,cell_ontology_mapped,LIGER,hs_mf_mm,0.6275385285154427,stronger homology,LIGER stronger homology,0.4242313000594153
value,0.5934673641681419,0.35284217960879866,0.1787798999867224,0.9978906451177084,0.611198436451375,0.900312369496356,0.43570351490931136,0.7795611874034349,rliger_uinmf_metadata_many_higher_homology_conf_rligerUINMF_integrated.h5ad,rliger_uinmf_metadata_many_higher_homology_conf.h5ad,species,species,cell_ontology_mapped,LIGER_UINMF,hs_mf_mm,0.6174629733344721,stronger homology,LIGER_UINMF stronger homology,0.3883253926544457
value,0.7169770632465647,0.6368468779302354,0.1158099382865898,0.9982584470753584,0.8201195260088854,0.8990229872066636,0.5392878577113152,0.8517214344417947,metadata_nf_many_higher_homology_conf_seuratCCA_integrated.h5ad,metadata_nf_many_higher_homology_conf.h5ad,species,species,cell_ontology_mapped,seuratCCA,hs_mf_mm_xl_dr,0.6716684714859833,stronger homology,seuratCCA stronger homology,0.6062398715709422
value,0.7073057442469678,0.6442544435707814,0.11902083704399584,0.9980525952045572,0.8154709113379778,0.8989694133619381,0.5356622785329819,0.8515466200902502,metadata_nf_many_higher_expr_seuratCCA_integrated.h5ad,metadata_nf_many_higher_expr.h5ad,species,species,cell_ontology_mapped,seuratCCA,hs_mf_mm_xl_dr,0.6712519454585405,higher expression,seuratCCA higher expression,0.604637735957775
value,0.7017078292464961,0.6469559201503471,0.1170767182837742,0.998118752302284,0.8341189557402773,0.8961446304916318,0.5387351736426353,0.8558334267611962,metadata_nf_one2one_only_seuratCCA_integrated.h5ad,metadata_nf_one2one_only.h5ad,species,species,cell_ontology_mapped,seuratCCA,hs_mf_mm_xl_dr,0.6757934328192199,one2one only,seuratCCA one2one only,0.6221062208972711
value,0.5966096942692332,0.4930540572786043,0.3245758781658079,0.9966459214196218,0.59138532816291145,0.8934597665153048,0.5296919147008311,0.7372872217088481,metadata_nf_one2one_only_LIGER_integrated.h5ad,metadata_nf_one2one_only.h5ad,species,species,cell_ontology_mapped,LIGER,hs_mf_mm,0.6366770486382181,one2one only,LIGER one2one only,0.4567979280469775
value,0.5109962055359749,0.3415202430749304,0.121684047315455,0.9906787866179296,0.6561492066448871,0.8902214022877328,0.4438477098916888,0.7201169683428451,rliger_uinmf_metadata_one2one_only_rligerUINMF_integrated.h5ad,rliger_uinmf_metadata_one2one_only.h5ad,species,species,cell_ontology_mapped,LIGER_UINMF,hs_mf_mm_xl,0.59704290614773,one2one only,LIGER_UINMF one2one only,0.40143905197383917
value,0.6729990227315936,0.4633678736933203,0.06059111288901575,0.99974886433855,0.8207808634988151,0.8861518335176681,0.5403944684716478,0.6910161641811099,rliger_uinmf_metadata_many_higher_homology_conf_rligerUINMF_integrated.h5ad,rliger_uinmf_metadata_many_higher_homology_conf.h5ad,species,species,cell_ontology_mapped,LIGER_UINMF,hs_mf,0.6146349935216522,stronger homology,LIGER_UINMF stronger homology,0.26877942179787007
value,0.7870021305309315,0.6104666537334471,4.440892098500626e-16,1,0.9773991587137744,0.882407202206867,0.6402512192726135,0.7271703955399675,metadata_nf_many_higher_homology_conf_seuratRPCA_integrated.h5ad,metadata_nf_many_higher_homology_conf.h5ad,species,species,cell_ontology_mapped,seuratRPCA,hs_mf,0.6467441891151523,stronger homology,seuratRPCA stronger homology,0.37773174888861344
value,0.7870517784333337,0.6099821952511227,4.440892098500626e-16,1,0.97760183779196,0.8810592331829173,0.6446096450090408,0.7312614782917416,metadata_nf_many_higher_expr_seuratRPCA_integrated.h5ad,metadata_nf_many_higher_expr.h5ad,species,species,cell_ontology_mapped,seuratRPCA,hs_mf,0.6474806373166548,higher expression,seuratRPCA higher expression,0.3802306512700775
value,0.5013021702236538,0.3742987803820859,0.16455714150724982,0.9850904466263064,0.5332285775207872,0.8805251050095564,0.4452456025642718,0.7339618447976068,rliger_uinmf_metadata_many_higher_expr_rligerUINMF_integrated.h5ad,rliger_uinmf_metadata_many_higher_expr.h5ad,species,species,cell_ontology_mapped,LIGER_UINMF,hs_mf_mm_xl_dr,0.5780681672088,higher expression,LIGER_UINMF higher expression,0.24621343623288955
value,0.6064092503736206,0.3671935506216138,0.01110152862166691,0.998832506963659,0.8510687721797816,0.8801634792460933,0.4733284441407033,0.6763497857171196,rliger_uinmf_metadata_one2one_only_rligerUINMF_integrated.h5ad,rliger_uinmf_metadata_one2one_only.h5ad,species,species,cell_ontology_mapped,LIGER_UINMF,hs_mf,0.6046708914411654,one2one only,LIGER_UINMF one2one only,0.2349694153815612
value,0.7511227050033695,0.6101776983599482,0.00814308014282801,0.999362581799076,0.8763358703508368,0.879931541489684,0.5675871968269348,0.8294794469656189,metadata_nf_many_higher_homology_conf_seuratRPCA_integrated.h5ad,metadata_nf_many_higher_homology_conf.h5ad,species,species,cell_ontology_mapped,seuratRPCA,hs_mf_mm_xl,0.648472484737242,stronger homology,seuratRPCA stronger homology,0.5959445190852037
value,0.8030921262313441,0.7730394851149676,0.07625692271258548,0.9994762733611082,0.8728768452611727,0.8782992333069022,0.6030545458197594,0.8386705860488073,metadata_nf_many_higher_expr_seuratCCA_integrated.h5ad,metadata_nf_many_higher_expr.h5ad,species,species,cell_ontology_mapped,seuratCCA,hs_mf_mm_xl,0.666525896832367,higher expression,seuratCCA higher expression,0.6642221027018883
value,0.7396450975540969,0.5795686792923684,0.00829858755833612,0.9994952424469344,0.8812222777955656,0.8781361567183921,0.5714514404535294,0.8309210388438316,metadata_nf_many_higher_expr_seuratRPCA_integrated.h5ad,metadata_nf_many_higher_expr.h5ad,species,species,cell_ontology_mapped,seuratRPCA,hs_mf_mm_xl,0.6496445152290313,higher expression,seuratRPCA higher expression,0.6003771110784958
value,0.7887590115817048,0.7539834291524492,0.07876753930554019,0.9992913594911628,0.8720575891146127,0.875769288526232,0.5984267145395279,0.8350209098152465,metadata_nf_many_higher_homology_conf_seuratCCA_integrated.h5ad,metadata_nf_many_higher_homology_conf.h5ad,species,species,cell_ontology_mapped,seuratCCA,hs_mf_mm_xl,0.6654038316904078,stronger homology,seuratCCA stronger homology,0.6599784784966796
value,0.8014646089470072,0.6211628192342117,2.220446049250313e-16,1,0.9769687594888722,0.8739171543477804,0.6466970325526603,0.7224401232883182,metadata_nf_many_higher_expr_fastMNN_integrated.h5ad,metadata_nf_many_higher_expr.h5ad,species,species,cell_ontology_mapped,fastMNN,hs_mf,0.6433315092812427,higher expression,fastMNN higher expression,0.36615190695712113
value,0.8103185089358551,0.6644486446778801,6.661338147750939e-16,1,0.9776731812802548,0.8737912794119882,0.6251097917556763,0.7358400501606425,metadata_nf_one2one_only_seuratRPCA_integrated.h5ad,metadata_nf_one2one_only.h5ad,species,species,cell_ontology_mapped,seuratRPCA,hs_mf,0.6468261277132215,one2one only,seuratRPCA one2one only,0.37800978142020364
value,0.7393773339661307,0.5925084504830453,0.0063964822584787,0.999473748536206,0.8726586641496987,0.8733623939058426,0.5694919601082802,0.8375748570410116,metadata_nf_one2one_only_seuratRPCA_integrated.h5ad,metadata_nf_one2one_only.h5ad,species,species,cell_ontology_mapped,seuratRPCA,hs_mf_mm_xl,0.6474980993387579,one2one only,seuratRPCA one2one only,0.5922594162265682
value,0.6904450889934929,0.5163486050741963,0.0151360842995939,0.9992872550660172,0.8477482635886618,0.8723023236110446,0.5433584712445736,0.8413011412360605,metadata_nf_many_higher_homology_conf_seuratRPCA_integrated.h5ad,metadata_nf_many_higher_homology_conf.h5ad,species,species,cell_ontology_mapped,seuratRPCA,hs_mf_mm_xl_dr,0.6441219531838402,stronger homology,seuratRPCA stronger homology,0.5002842887672166
value,0.8010816703713304,0.7708571237916053,0.08717235408903139,0.9992151481182512,0.8733339878451496,0.8721122870986409,0.6000426113605499,0.8268753578582108,metadata_nf_one2one_only_seuratCCA_integrated.h5ad,metadata_nf_one2one_only.h5ad,species,species,cell_ontology_mapped,seuratCCA,hs_mf_mm_xl,0.6648734967227581,one2one only,seuratCCA one2one only,0.6579727640141338
value,0.6963746162429092,0.5429660612809296,0.01249695242634596,0.9994760834091664,0.8684636291554274,0.8709846052940484,0.5446173511445522,0.8425921680126545,metadata_nf_many_higher_expr_seuratRPCA_integrated.h5ad,metadata_nf_many_higher_expr.h5ad,species,species,cell_ontology_mapped,seuratRPCA,hs_mf_mm_xl_dr,0.6486343387221191,higher expression,seuratRPCA higher expression,0.5176408357652538
value,0.7940331292256573,0.6193667850517828,4.440892098500626e-16,1,0.9845254387098404,0.8706933038771485,0.6442092489113087,0.7191592906199781,metadata_nf_one2one_only_fastMNN_integrated.h5ad,metadata_nf_one2one_only.h5ad,species,species,cell_ontology_mapped,fastMNN,hs_mf,0.6435945083017419,one2one only,fastMNN one2one only,0.3670443103567184
value,0.7866130116119423,0.6854439706265005,0.00688652841711634,1,0.950782473185082,0.8694442518998798,0.6409757435321808,0.8037979551936296,metadata_nf_many_higher_homology_conf_seuratRPCA_integrated.h5ad,metadata_nf_many_higher_homology_conf.h5ad,species,species,cell_ontology_mapped,seuratRPCA,hs_mf_mm,0.657727802173927,stronger homology,seuratRPCA stronger homology,0.5318157701094722
value,0.7955135207786477,0.6110889989667261,2.220446049250313e-16,1,0.9756712076838254,0.8690046793300595,0.6481530535186736,0.7198848352771142,metadata_nf_many_higher_homology_conf_fastMNN_integrated.h5ad,metadata_nf_many_higher_homology_conf.h5ad,species,species,cell_ontology_mapped,fastMNN,hs_mf,0.6411401805727499,stronger homology,fastMNN stronger homology,0.35871633101701955
value,0.6961307693905403,0.6336082675836769,0.0953666264193857,0.996496396220234,0.7992489540299897,0.8687333693962753,0.5219354424625635,0.8854423202309346,metadata_nf_one2one_only_harmony_integrated.h5ad,metadata_nf_one2one_only.h5ad,species,species,cell_ontology_mapped,harmony,hs_mf_mm_xl_dr,0.6621978175191463,one2one only,harmony one2one only,0.5698117230266464
value,0.8074146456898964,0.704613248140178,0.01039166691664261,1,0.9514487221475963,0.8681071286625042,0.6462603062391281,0.8072587634162024,metadata_nf_one2one_only_seuratRPCA_integrated.h5ad,metadata_nf_one2one_only.h5ad,species,species,cell_ontology_mapped,seuratRPCA,hs_mf_mm,0.6593015702857364,one2one only,seuratRPCA one2one only,0.5374241530803925
value,0.6614969688086411,0.5083623293228305,0.01887770608834232,0.9993470398396808,0.8472610083711077,0.8675173678825854,0.5399135947227478,0.8335222870447652,metadata_nf_one2one_only_seuratRPCA_integrated.h5ad,metadata_nf_one2one_only.h5ad,species,species,cell_ontology_mapped,seuratRPCA,hs_mf_mm_xl_dr,0.6417945923467001,one2one only,seuratRPCA one2one only,0.491332272719709
value,0.7064236942339558,0.6514856303827699,0.09682112357122076,0.9972394797411088,0.8011263338455404,0.8649493426132002,0.5249233320355415,0.8810729424411072,metadata_nf_many_higher_expr_harmony_integrated.h5ad,metadata_nf_many_higher_expr.h5ad,species,species,cell_ontology_mapped,harmony,hs_mf_mm_xl_dr,0.6609924356177672,higher expression,harmony higher expression,0.5651753134281329
value,0.7111611017028265,0.6794393946555725,0.09470221988854756,0.9968573097141944,0.8106030497309276,0.8606971811863408,0.5237556248903275,0.8821626781397557,metadata_nf_many_higher_homology_conf_harmony_integrated.h5ad,metadata_nf_many_higher_homology_conf.h5ad,species,species,cell_ontology_mapped,harmony,hs_mf_mm_xl_dr,0.6620412822363928,stronger homology,harmony stronger homology,0.5692096219940741
value,0.8192402687534626,0.7309054660840802,0.00945353252283898,1,0.9515372403043276,0.859465975234193,0.6479473561048508,0.8056598983985659,metadata_nf_many_higher_expr_seuratRPCA_integrated.h5ad,metadata_nf_many_higher_expr.h5ad,species,species,cell_ontology_mapped,seuratRPCA,hs_mf_mm,0.6565291616149813,higher expression,seuratRPCA higher expression,0.5275442162200518
value,0.5357260984517038,0.3755133195369318,0.11049531066052,0.9934420341228856,0.5391175032519795,0.8473509228036673,0.5020271047470592,0.7697158994906608,rliger_uinmf_metadata_many_higher_homology_conf_rligerUINMF_integrated.h5ad,rliger_uinmf_metadata_many_higher_homology_conf.h5ad,species,species,cell_ontology_mapped,LIGER_UINMF,hs_mf_mm_xl,0.5666699090517069,stronger homology,LIGER_UINMF stronger homology,0.28656908512291757
value,0.8685939034537653,0.8682805687194236,0.15693626322242915,0.9998552967052938,0.915865553029452,0.8438411444882045,0.6474743038415909,0.8280882804641021,metadata_nf_many_higher_homology_conf_seuratCCA_integrated.h5ad,metadata_nf_many_higher_homology_conf.h5ad,species,species,cell_ontology_mapped,seuratCCA,hs_mf_mm,0.6861828103010469,stronger homology,seuratCCA stronger homology,0.6332198980874206
value,0.8580277181170133,0.8649990909339094,0.16333177869759985,0.9998743818435948,0.9351484766763684,0.8412812960123236,0.6482314318418503,0.8276024999972705,metadata_nf_many_higher_expr_seuratCCA_integrated.h5ad,metadata_nf_many_higher_expr.h5ad,species,species,cell_ontology_mapped,seuratCCA,hs_mf_mm,0.6918410128458906,higher expression,seuratCCA higher expression,0.6533838387343271
value,0.8547902676728795,0.8596498893799892,0.16085161379538515,1,0.9159855620320236,0.8396516660754197,0.6359733492136002,0.8239109048212355,metadata_nf_one2one_only_seuratCCA_integrated.h5ad,metadata_nf_one2one_only.h5ad,species,species,cell_ontology_mapped,seuratCCA,hs_mf_mm,0.685099936681016,one2one only,seuratCCA one2one only,0.6293608988329132
value,0.6802448122912458,0.5041856137119088,0.00305880271393732,1,0.871507041930678,0.8208090768061218,0.5371303791834483,0.6165072669809766,rliger_uinmf_metadata_many_higher_expr_rligerUINMF_integrated.h5ad,rliger_uinmf_metadata_many_higher_expr.h5ad,species,species,cell_ontology_mapped,LIGER_UINMF,hs_mf,0.5779705471079284,higher expression,LIGER_UINMF higher expression,0.14437030209143584
value,0.8085507794779904,0.63353936442202885,6.661338147750939e-16,1,0.9800662161234166,0.8172525764340008,0.637271374464035,0.7125161653861437,metadata_nf_many_higher_expr_harmony_integrated.h5ad,metadata_nf_many_higher_expr.h5ad,species,species,cell_ontology_mapped,harmony,hs_mf,0.6274587394858904,higher expression,harmony higher expression,0.31229271881447646
value,0.8133308574553492,0.634884483655164,6.661338147750939e-16,1,0.9837578139843224,0.81574515749497,0.6318578124046326,0.7103901399210575,metadata_nf_many_higher_homology_conf_harmony_integrated.h5ad,metadata_nf_many_higher_homology_conf.h5ad,species,species,cell_ontology_mapped,harmony,hs_mf,0.6274732778500877,stronger homology,harmony stronger homology,0.31234205012228744
value,0.7853520679266839,0.7547775726993874,0.03155586160037726,0.9992992751262186,0.8547254668132047,0.8121507204581244,0.5562766306102276,0.8154917505215605,metadata_nf_one2one_only_harmony_integrated.h5ad,metadata_nf_one2one_only.h5ad,species,species,cell_ontology_mapped,harmony,hs_mf_mm_xl,0.6284809498483167,one2one only,harmony one2one only,0.5203370002509637
value,0.8184322397746208,0.6378954005218221,4.440892098500626e-16,1,0.9816056963512328,0.808856189858003,0.6734454333782196,0.7171721564126019,metadata_nf_one2one_only_harmony_integrated.h5ad,metadata_nf_one2one_only.h5ad,species,species,cell_ontology_mapped,harmony,hs_mf,0.6269085106554595,one2one only,harmony one2one only,0.3104256925498883
value,0.7501578590361996,0.6780655826393843,0.0289320419084067,0.9994223985928692,0.8601735865715725,0.8055884419408542,0.561645157635212,0.8259432543865342,metadata_nf_many_higher_homology_conf_harmony_integrated.h5ad,metadata_nf_many_higher_homology_conf.h5ad,species,species,cell_ontology_mapped,harmony,hs_mf_mm_xl,0.6301593312018419,stronger homology,harmony stronger homology,0.52668459939744
value,0.759418111746029,0.696771044932713,0.02890552548207773,0.9994988522412752,0.8501949166505222,0.8046938231410156,0.554014902561903,0.8231794396256936,metadata_nf_many_higher_expr_harmony_integrated.h5ad,metadata_nf_many_higher_expr.h5ad,species,species,cell_ontology_mapped,harmony,hs_mf_mm_xl,0.6267434262248273,higher expression,harmony higher expression,0.5137657264184232
value,0.8278419424358067,0.737513101461823,0.01705865033358766,1,0.921152507259923,0.761828150504679,0.6641326397657394,0.7869008774891768,metadata_nf_one2one_only_harmony_integrated.h5ad,metadata_nf_one2one_only.h5ad,species,species,cell_ontology_mapped,harmony,hs_mf_mm,0.6217350463968416,one2one only,harmony one2one only,0.40354963162188384
value,0.8267142556767887,0.739391522793469,0.01577180479661422,1,0.9114283103490926,0.7615489329579227,0.6422887444496155,0.7760512353568653,metadata_nf_many_higher_expr_harmony_integrated.h5ad,metadata_nf_many_higher_expr.h5ad,species,species,cell_ontology_mapped,harmony,hs_mf_mm,0.6162000708651236,higher expression,harmony higher expression,0.3838248308182527
value,0.821711364395738,0.7366516062108742,0.01671144266574065,1,0.9107097195806884,0.7592076772671337,0.6438496559858322,0.7768555223365528,metadata_nf_many_higher_homology_conf_harmony_integrated.h5ad,metadata_nf_many_higher_homology_conf.h5ad,species,species,cell_ontology_mapped,harmony,hs_mf_mm,0.6158710904625289,stronger homology,harmony stronger homology,0.38265245473957
value,0.8075719251956761,0.7161533694928225,0.00283833863255589,1,0.907431759530322,0.7443315519682696,0.6449567624139713,0.7746785330467936,metadata_nf_one2one_only_fastMNN_integrated.h5ad,metadata_nf_one2one_only.h5ad,species,species,cell_ontology_mapped,fastMNN,hs_mf_mm,0.6073200457944853,one2one only,fastMNN one2one only,0.3521793927045949
value,0.8032566891130845,0.715709322310304,0.00308020836937472,1,0.9117983804155414,0.7439902108658942,0.6470688952406115,0.7755378332449183,metadata_nf_many_higher_expr_fastMNN_integrated.h5ad,metadata_nf_many_higher_expr.h5ad,species,species,cell_ontology_mapped,fastMNN,hs_mf_mm,0.6086016582239322,higher expression,fastMNN higher expression,0.3567466305782647
value,0.8031228365812082,0.7133784128549662,0.00318725568200817,1,0.9154933475458036,0.7433750749643334,0.6468763617267796,0.7787246367000766,metadata_nf_many_higher_homology_conf_fastMNN_integrated.h5ad,metadata_nf_many_higher_homology_conf.h5ad,species,species,cell_ontology_mapped,fastMNN,hs_mf_mm,0.6101950787230555,stronger homology,fastMNN stronger homology,0.36242504808192316
value,0.7230038743366407,0.6047075579258023,0.00346049892373641,0.9994885506942348,0.8511317391846971,0.6700961386086313,0.5570449429675216,0.8245854548456668,metadata_nf_one2one_only_fastMNN_integrated.h5ad,metadata_nf_one2one_only.h5ad,species,species,cell_ontology_mapped,fastMNN,hs_mf_mm_xl,0.5873184578906829,one2one only,fastMNN one2one only,0.3646614153975409
value,0.7184858087564013,0.563629509694035,0.00322557999500228,0.9995819793569016,0.8548036025842216,0.6617960140016224,0.5563336728625866,0.8198978525107279,metadata_nf_many_higher_homology_conf_fastMNN_integrated.h5ad,metadata_nf_many_higher_homology_conf.h5ad,species,species,cell_ontology_mapped,fastMNN,hs_mf_mm_xl,0.5849307622728935,stronger homology,fastMNN stronger homology,0.35563120624174205
value,0.7169908439518703,0.5633962705817864,0.00340158782557664,0.9995749995858444,0.8504285963527372,0.6587096569645625,0.5578732837896575,0.8198416708514359,metadata_nf_many_higher_expr_fastMNN_integrated.h5ad,metadata_nf_many_higher_expr.h5ad,species,species,cell_ontology_mapped,fastMNN,hs_mf_mm_xl,0.5830953779985781,higher expression,fastMNN higher expression,0.3486898257094627
value,0.7784742527597666,0.6092456468669049,6.661338147750939e-16,1,0.9216684709022388,0.6525590762158563,0.6350346952676773,0.5995635125498818,metadata_nf_many_higher_homology_conf_scanorama_integrated.h5ad,metadata_nf_many_higher_homology_conf.h5ad,species,species,cell_ontology_mapped,scanorama,hs_mf,0.5434477649169944,stronger homology,scanorama stronger homology,0.027228237713138658
value,0.7837251535327541,0.6151238142073528,6.661338147750939e-16,1,0.896399651155122,0.6448592522037024,0.6404223740100861,0.600434565234505,metadata_nf_many_higher_expr_scanorama_integrated.h5ad,metadata_nf_many_higher_expr.h5ad,species,species,cell_ontology_mapped,scanorama,hs_mf,0.5354233671483325,higher expression,scanorama higher expression,0
value,0.7794522598329056,0.6076338667064007,6.661338147750939e-16,1,0.9118917648266756,0.64037967688833,0.6670532077550888,0.6170002238499006,metadata_nf_one2one_only_scanorama_integrated.h5ad,metadata_nf_one2one_only.h5ad,species,species,cell_ontology_mapped,scanorama,hs_mf,0.5423179163912267,one2one only,scanorama one2one only,0.023394456646154988
value,0.6589878775336983,0.4758720048489933,0.01124299393549976,0.998992372034268,0.8125814425955314,0.618940142409573,0.5130726388068604,0.846519551457903,metadata_nf_many_higher_expr_fastMNN_integrated.h5ad,metadata_nf_many_higher_expr.h5ad,species,species,cell_ontology_mapped,fastMNN,hs_mf_mm_xl_dr,0.5723210325996269,higher expression,fastMNN higher expression,0.2241075210574304
value,0.6568753221061313,0.4543631404922208,0.0126726348164195,0.9990244899674646,0.8176004517864671,0.6185174737051004,0.5131649436001343,0.8459599022409402,metadata_nf_many_higher_homology_conf_fastMNN_integrated.h5ad,metadata_nf_many_higher_homology_conf.h5ad,species,species,cell_ontology_mapped,fastMNN,hs_mf_mm_xl_dr,0.5736876156372318,stronger homology,fastMNN stronger homology,0.22936397853822402
value,0.6837504069256184,0.608014438624031,0.01344597247920065,0.9988375329722692,0.829415270379974,0.6142483430213624,0.5105422361374072,0.849526228330865,metadata_nf_one2one_only_fastMNN_integrated.h5ad,metadata_nf_one2one_only.h5ad,species,species,cell_ontology_mapped,fastMNN,hs_mf_mm_xl_dr,0.5766589535528506,one2one only,fastMNN one2one only,0.2407930033283261
value,0.7545288573282606,0.5707781964601449,2.220446049250313e-16,1,0.7981874264602211,0.5763799932216924,0.5983164981007576,0.6594125846396941,metadata_nf_many_higher_expr_scanorama_integrated.h5ad,metadata_nf_many_higher_expr.h5ad,species,species,cell_ontology_mapped,scanorama,hs_mf_mm,0.5084950010804019,higher expression,scanorama higher expression,0
value,0.753461656631102,0.5704653242406906,2.220446049250313e-16,1,0.8007484325348244,0.5758031016903047,0.5977469906210899,0.657745278844385,metadata_nf_many_higher_homology_conf_scanorama_integrated.h5ad,metadata_nf_many_higher_homology_conf.h5ad,species,species,cell_ontology_mapped,scanorama,hs_mf_mm,0.5085742032673786,stronger homology,scanorama stronger homology,2.822500934961858e-4
value,0.756608066325068,0.5739573787188096,2.220446049250313e-16,1,0.7783823715497157,0.5744458737433342,0.6403974294662476,0.6825943806507475,metadata_nf_one2one_only_scanorama_integrated.h5ad,metadata_nf_one2one_only.h5ad,species,species,cell_ontology_mapped,scanorama,hs_mf_mm,0.5088556564859494,one2one only,scanorama one2one only,0.0012852551908155818
value,0.6261910113590963,0.41239411135299864,0.01388573942089699,0.9984109094797328,0.7618349714712404,0.5514873235419975,0.48195718973875046,0.7290206300002195,metadata_nf_one2one_only_scanorama_integrated.h5ad,metadata_nf_one2one_only.h5ad,species,species,cell_ontology_mapped,scanorama,hs_mf_mm_xl_dr,0.5140571661085885,one2one only,scanorama one2one only,0
value,0.632912755166148,0.413604775338117,0.01054367811805673,0.9985216104989864,0.7664328984389954,0.5497643072566074,0.4810899570584297,0.7346154342906037,metadata_nf_many_higher_expr_scanorama_integrated.h5ad,metadata_nf_many_higher_expr.h5ad,species,species,cell_ontology_mapped,scanorama,hs_mf_mm_xl_dr,0.5153390795260657,higher expression,scanorama higher expression,0.004930782241258558
value,0.6393910938793645,0.4482664168644904,0.00891973665988171,0.9988273724150516,0.7709090273938721,0.5492907122736755,0.4807754624634981,0.7295407694402148,metadata_nf_many_higher_homology_conf_scanorama_integrated.h5ad,metadata_nf_many_higher_homology_conf.h5ad,species,species,cell_ontology_mapped,scanorama,hs_mf_mm_xl_dr,0.514665061441911,stronger homology,scanorama stronger homology,0.0023382230603291925
value,0.6841305979953382,0.4706468333040609,1.480297366166875e-16,0.9997737360393472,0.7639905119652427,0.5334578405731266,0.4986180975101888,0.680533215561003,metadata_nf_one2one_only_scanorama_integrated.h5ad,metadata_nf_one2one_only.h5ad,species,species,cell_ontology_mapped,scanorama,hs_mf_mm_xl,0.49449539202484316,one2one only,scanorama one2one only,0.013606744523258952
value,0.689403454825483,0.46913014570757616,1.480297366166875e-16,0.9997509916625557,0.7410786201362074,0.5324935376335345,0.500226177580771,0.6900182644724153,metadata_nf_many_higher_homology_conf_scanorama_integrated.h5ad,metadata_nf_many_higher_homology_conf.h5ad,species,species,cell_ontology_mapped,scanorama,hs_mf_mm_xl,0.49089760556053935,stronger homology,scanorama stronger homology,0
value,0.6890440452435748,0.469429075555526,1.480297366166875e-16,0.9997844248580512,0.7503855814731308,0.5295296139755639,0.49856698443181813,0.6907832417394446,metadata_nf_many_higher_expr_scanorama_integrated.h5ad,metadata_nf_many_higher_expr.h5ad,species,species,cell_ontology_mapped,scanorama,hs_mf_mm_xl,0.4926746092970348,higher expression,scanorama higher expression,0.006720586699424727
